{
    "accuracy": 0.688,
    "precision": 0.582995951417004,
    "recall": 0.40793201133144474,
    "f1": 0.48
}